keys,en,de
Szkoła sztuki,Art School,Kunstschule
Za mało gotówki na kurs.,Not enough cash for the course.,Nicht genug Bargeld für den Kurs.
"Kurs (%.0f M, %d dni)","Course (%.0f M, %d days)","Kurs (%.0f M, %d Tage)"
"Eksperckość: %.0f%% — zwiększa szansę na wczesne ostrzeżenie o podróbce w Domu aukcyjnym (NIE wpływa na szacowaną wartość obrazu)
Gotówka: %.0f M | Data: %s","Expertise: %.0f%% — increases the chance of an early forgery warning at the Auction House (does NOT affect the estimated value of a painting)
Cash: %.0f M | Date: %s","Expertise: %.0f%% — erhöht die Chance auf eine frühe Fälschungswarnung im Auktionshaus (beeinflusst NICHT den Schätzwert eines Gemäldes)
Bargeld: %.0f M | Datum: %s"
Dom aukcyjny,Auction House,Auktionshaus
"W tym mieście nie odbywa się teraz żadna aukcja.
Wróć w podanym terminie.","There is no auction happening in this city right now.
Come back on the given date.","In dieser Stadt findet gerade keine Auktion statt.
Komm zum angegebenen Termin zurück."
Podbij (+10%),Raise bid (+10%),Gebot erhöhen (+10%)
Zakończ rundę,End round,Runde beenden
Czas minął!,Time's up!,Zeit abgelaufen!
Czas na podbicie: %d s,Time to bid: %d s,Zeit zum Bieten: %d s
Zabrakło czasu na podbicie — rywale odpowiadają.,Time ran out to bid — rivals are responding.,Die Zeit zum Bieten ist abgelaufen — Rivalen antworten.
%s podbija ofertę.,%s raises the bid.,%s erhöht das Gebot.
Za mało gotówki na taką ofertę.,Not enough cash for that bid.,Nicht genug Bargeld für dieses Gebot.
"To była FAŁSZYWKA! Pieniądze przepadły, obraz nie trafia do kolekcji.","It was a FORGERY! The money is lost, the painting doesn't join the collection.","Es war eine FÄLSCHUNG! Das Geld ist verloren, das Gemälde kommt nicht in die Sammlung."
Wygrywasz aukcję! Obraz trafia do kolekcji (%d/%d).,You win the auction! The painting joins the collection (%d/%d).,Du gewinnst die Auktion! Das Gemälde kommt in die Sammlung (%d/%d).
Nikt nie licytował — obraz zostaje niesprzedany.,No one bid — the painting remains unsold.,Niemand hat geboten — das Gemälde bleibt unverkauft.
%s wygrywa aukcję.,%s wins the auction.,%s gewinnt die Auktion.
Aukcja w toku: %s — %s,Auction in progress: %s — %s,Auktion läuft: %s — %s
"Na sprzedaż: „%s” — %s, %s (%s) — szac. wartość %.0f M","For sale: “%s” — %s, %s (%s) — est. value %.0f M","Zu verkaufen: „%s“ — %s, %s (%s) — geschätzter Wert %.0f M"
Na sprzedaż: obraz nr %d (%s) — szac. wartość %.0f M,For sale: painting #%d (%s) — est. value %.0f M,Zu verkaufen: Gemälde Nr. %d (%s) — geschätzter Wert %.0f M
⚠ Szkoła Sztuki ostrzega: ten numer już masz w kolekcji — to może być podróbka!,⚠ The Art School warns: you already have this number in your collection — it might be a forgery!,⚠ Die Kunstschule warnt: Diese Nummer hast du bereits in deiner Sammlung — es könnte sich um eine Fälschung handeln!
nikt,no one,niemand
Ty,You,Du
"Oferta: %.0f M
(prowadzi: %s)","Bid: %.0f M
(leading: %s)","Gebot: %.0f M
(führend: %s)"
"
Jeśli nikt Cię nie przebije do końca czasu — wygrywasz!","
If no one outbids you before time runs out — you win!","
Wenn dich niemand überbietet, bevor die Zeit abläuft — gewinnst du!"
Gotówka: %.0f M,Cash: %.0f M,Bargeld: %.0f M
Następna aukcja: %s — %s,Next auction: %s — %s,Nächste Auktion: %s — %s
Jedź »,Travel »,Reisen »
Plantacje,Plantations,Plantagen
Galeria,Gallery,Galerie
Giełda,Stock Market,Börse
Rynek,Market,Markt
Wyścigi konne,Horse Races,Pferderennen
Koniec tury »,End turn »,Zug beenden »
Zapisz i wyjdź do menu,Save and exit to menu,Speichern und zum Menü zurückkehren
Ustawienia,Settings,Einstellungen
Wyjdź z gry,Quit game,Spiel beenden
"%s
w podróży do %s (%.1f dnia)","%s
traveling to %s (%.1f days)","%s
auf Reise nach %s (%.1f Tage)"
"%s
w: %s","%s
in: %s","%s
in: %s"
"
(gracz %d/%d)","
(player %d/%d)","
(Spieler %d/%d)"
Obrazy: %d/%d,Paintings: %d/%d,Gemälde: %d/%d
⚠ Kurs dolara wysoki — zbliża się reforma walutowa!,⚠ Dollar rate is high — a currency reform is approaching!,⚠ Der Dollarkurs ist hoch — eine Währungsreform steht bevor!
Ekonomiczna gra strategiczna — lata 20. XX wieku,An economic strategy game — the 1920s,Ein Wirtschaftsstrategiespiel — die 1920er Jahre
Liczba graczy (hot-seat):,Number of players (hot-seat):,Anzahl der Spieler (Hot-Seat):
Nowa gra,New game,Neues Spiel
Wczytaj grę,Load game,Spiel laden
Galeria (placeholder),Gallery (placeholder),Galerie (Platzhalter)
Twoja kolekcja: %d/%d (próg zwycięstwa),Your collection: %d/%d (win threshold),Deine Sammlung: %d/%d (Sieg-Schwelle)
%s: %d/5,%s: %d/5,%s: %d/5
Gracze,Players,Spieler
 (Ty), (You), (Du)
%s%s: %d obrazów,%s%s: %d paintings,%s%s: %d Gemälde
Ochrona,Protection,Schutz
Zatrudnij ochroniarza (%.0f M),Hire a bodyguard (%.0f M),Leibwächter anheuern (%.0f M)
Rywale,Rivals,Rivalen
%s: %d obrazów,%s: %d paintings,%s: %d Gemälde
Wyślij gangstera (%.0f M),Send a gangster (%.0f M),Gangster schicken (%.0f M)
Gangster wraca z obrazem!,The gangster returns with a painting!,Der Gangster kommt mit einem Gemälde zurück!
Gangster wraca z pustymi rękami — pieniądze przepadły.,The gangster returns empty-handed — the money is lost.,Der Gangster kommt mit leeren Händen zurück — das Geld ist verloren.
Masz ochroniarza — obrazy chronione przed kradzieżą.,You have a bodyguard — paintings are protected from theft.,Du hast einen Leibwächter — Gemälde sind vor Diebstahl geschützt.
Bez ochrony — Twoja kolekcja jest narażona na kradzież (~%.0f%% szans/tydzień).,No protection — your collection is at risk of theft (~%.0f%% chance/week).,Kein Schutz — deine Sammlung ist diebstahlgefährdet (~%.0f%% Chance/Woche).
%s — kurs ×%.1f,%s — odds ×%.1f,%s — Quote ×%.1f
Postaw zakład,Place bet,Wette platzieren
Za mało gotówki na taki zakład.,Not enough cash for that bet.,Nicht genug Bargeld für diese Wette.
Wygrywa %s! Wygrana: %.0f M,%s wins! Payout: %.0f M,%s gewinnt! Gewinn: %.0f M
Wygrywa %s. Twój koń nie zwyciężył — zakład przepadł.,%s wins. Your horse didn't win — the bet is lost.,%s gewinnt. Dein Pferd hat nicht gewonnen — die Wette ist verloren.
Koniec gry,Game Over,Spielende
Powrót do menu głównego,Return to main menu,Zurück zum Hauptmenü
Kolekcja kompletna,Collection Complete,Sammlung komplett
Ostatni obraz trafia do gabloty. Posłaniec przynosi wiadomość: wuj Walther chce Cię widzieć natychmiast.,The last painting takes its place in the display case. A messenger arrives with word: uncle Walther wants to see you at once.,Das letzte Gemälde findet seinen Platz in der Vitrine. Ein Bote überbringt die Nachricht: Onkel Walther will dich sofort sehen.
"W gabinecie czeka na Ciebie zapieczętowany testament. Notariusz czyta go na głos, a przy podpisie zawodowo się zawiesza — obok nazwiska ""Walther von Rabenstein"" widnieje dopisek innym charakterem pisma: ""znany też jako Vico Falsari"".","In the study, a sealed will awaits you. The notary reads it aloud, and his voice catches at the signature — next to the name ""Walther von Rabenstein"" is a note in different handwriting: ""also known as Vico Falsari"".","Im Arbeitszimmer erwartet dich ein versiegeltes Testament. Der Notar liest es laut vor und stockt bei der Unterschrift — neben dem Namen ""Walther von Rabenstein"" steht ein Vermerk in anderer Handschrift: ""auch bekannt als Vico Falsari""."
"Cała pogoń za fałszerzem, każda podróbka podsunięta na aukcji, każda niechciana przejażdżka — to był test, który sam sobie zaplanował dla następcy, zanim zaufa mu swoje imperium. Właśnie go zdałeś/zdałaś.","The whole chase after the forger, every fake slipped into an auction, every unwanted ride — it was a test he devised for his successor, before entrusting them with his empire. You just passed it.","Die ganze Jagd nach dem Fälscher, jede auf einer Auktion untergeschobene Fälschung, jede ungewollte Fahrt — das war ein Test, den er sich selbst für seinen Nachfolger ausgedacht hatte, bevor er ihm sein Imperium anvertraut. Du hast ihn gerade bestanden."
Dni gry: %d | Gotówka: %.0f M | Obrazy: %d,Game days: %d | Cash: %.0f M | Paintings: %d,Spieltage: %d | Bargeld: %.0f M | Gemälde: %d
Bankructwo,Bankruptcy,Bankrott
"Wierzyciele stracili cierpliwość. Twoje interesy zostają przejęte, a marzenie o spadku po wuju Waltherze przechodzi na innego, sprawniejszego kandydata.","Your creditors have run out of patience. Your affairs are taken over, and the dream of uncle Walther's inheritance passes to another, more capable candidate.","Deine Gläubiger haben die Geduld verloren. Deine Geschäfte werden übernommen, und der Traum vom Erbe Onkel Walthers geht an einen anderen, fähigeren Kandidaten über."
Dni gry: %d | Obrazy zebrane: %d,Game days: %d | Paintings collected: %d,Spieltage: %d | Gesammelte Gemälde: %d
Przegrana,Defeat,Niederlage
%s dociera do ostatniego brakującego obrazu pierwszy/-a. Testament wuja Walthera zostaje spisany na czyjeś inne nazwisko.,%s reaches the last missing painting first. Uncle Walther's will is drawn up in someone else's name.,%s erreicht als Erste(r) das letzte fehlende Gemälde. Onkel Walthers Testament wird auf einen anderen Namen ausgestellt.
Dni gry: %d | Twoje obrazy: %d,Game days: %d | Your paintings: %d,Spieltage: %d | Deine Gemälde: %d
TODO: wykres cen w czasie,TODO: price chart over time,TODO: Preisverlauf-Diagramm
Ceny towarów,Commodity prices,Warenpreise
Kontrakty terminowe,Forward contracts,Terminkontrakte
"Kontrakt: %d jednostek za %d dni, cena dziś ×%.1f, kara %.0f%% przy niedostarczeniu","Contract: %d units in %d days, today's price ×%.1f, %.0f%% penalty for non-delivery","Kontrakt: %d Einheiten in %d Tagen, heutiger Preis ×%.1f, %.0f%% Strafe bei Nichtlieferung"
Zawrzyj: %s,Sign: %s,Abschließen: %s
%.1f M (masz: %d),%.1f M (you have: %d),%.1f M (du hast: %d)
Kup 10,Buy 10,10 kaufen
Sprzedaj 10,Sell 10,10 verkaufen
Kupiono 10 akcji: %s.,Bought 10 shares: %s.,10 Aktien gekauft: %s.
"Za mało gotówki, żeby kupić 10 akcji: %s.",Not enough cash to buy 10 shares: %s.,"Nicht genug Bargeld, um 10 Aktien zu kaufen: %s."
Sprzedano 10 akcji: %s.,Sold 10 shares: %s.,10 Aktien verkauft: %s.
"Nie masz 10 akcji, żeby sprzedać: %s.",You don't have 10 shares to sell: %s.,Du hast keine 10 Aktien zum Verkaufen: %s.
%s: %.1f M / jednostkę,%s: %.1f M / unit,%s: %.1f M / Einheit
"%s: %d szt. po %.1f M, termin dzień %d, kara %.0f M","%s: %d units at %.1f M, due day %d, penalty %.0f M","%s: %d Einheiten zu %.1f M, fällig Tag %d, Strafe %.0f M"
Brak aktywnych kontraktów.,No active contracts.,Keine aktiven Kontrakte.
Robotnicy:,Workers:,Arbeiter:
Zbierz plony,Harvest,Ernten
Wyślij i sprzedaj (Nowy Jork),Ship and sell (New York),Versenden und verkaufen (New York)
Zebrano: %d jednostek.,Harvested: %d units.,Geerntet: %d Einheiten.
"Nic do zebrania — brak uprawy, robotników albo nie minął jeszcze czas od ostatnich zbiorów.","Nothing to harvest — no crop, no workers, or not enough time has passed since the last harvest.","Nichts zu ernten — keine Anbaupflanze, keine Arbeiter, oder es ist noch nicht genug Zeit seit der letzten Ernte vergangen."
brak,none,keine
Dokąd jedziemy?,Where to?,Wohin reisen wir?
Anuluj,Cancel,Abbrechen
« Powrót,« Back,« Zurück
Jesteś w: %s — dotknij pinezkę celu podróży,You are in: %s — tap the pin of your destination,Du bist in: %s — tippe die Pinnadel deines Reiseziels an
pociągiem,by train,mit dem Zug
samolotem,by plane,mit dem Flugzeug
Podróż do %s: %.1f dnia (%s),Travel to %s: %.1f days (%s),Reise nach %s: %.1f Tage (%s)
"Uwaga: %d robotników w %s nadal będzie kosztować %.0f M/dzień, nawet pod Twoją nieobecność.","Warning: %d workers in %s will still cost %.0f M/day, even while you're away.","Achtung: %d Arbeiter in %s kosten weiterhin %.0f M/Tag, auch in Ihrer Abwesenheit."
Podróż,Travel,Reise
Pomiń »,Skip »,Überspringen »
Tura: %s,Turn: %s,Zug: %s
Paryż,Paris,Paris
Lizbona,Lisbon,Lissabon
Londyn,London,London
Bombaj,Bombay,Bombay
Abidżan,Abidjan,Abidjan
Gwatemala,Guatemala City,Guatemala-Stadt
Meksyk,Mexico City,Mexiko-Stadt
Nowy Jork,New York,New York
Kawa,Coffee,Kaffee
Tytoń,Tobacco,Tabak
Herbata,Tea,Tee
Kakao,Cocoa,Kakao
Barok,Baroque,Barock
Klasycyzm,Classicism,Klassizismus
Romantyzm,Romanticism,Romantik
Impresjonizm,Impressionism,Impressionismus
Symbolizm,Symbolism,Symbolismus
Ekspresjonizm,Expressionism,Expressionismus
Moderna,Modernism,Moderne
Salwa armatnia,The Cannon Shot,Der Kanonenschuss
Porwanie córek Leukipposa,The Rape of the Daughters of Leucippus,Der Raub der Töchter des Leukippos
Pracownia malarska,The Art of Painting,Die Malkunst
Koronczarka,The Lacemaker,Die Spitzenklöpplerin
Starzec w fotelu,Old Man in an Armchair,Alter Mann im Sessel
Czytająca list kobieta w błękicie,Woman in Blue Reading a Letter,Briefleserin in Blau
Wanna,The Tub,Die Wanne
Portret malarza Waltera Leistikowa,Portrait of the Painter Walter Leistikow,Bildnis des Malers Walter Leistikow
Astronom,The Astronomer,Der Astronom
Dziewczyna z perłą,Girl with a Pearl Earring,Mädchen mit dem Perlenohrring
Gabrielle w rozpiętej bluzce,Gabrielle with Open Blouse,Gabrielle mit offener Bluse
Klify pod Pourville,Cliffs near Pourville,Klippen bei Pourville
Grający w karty,The Card Players,Die Kartenspieler
Symfonia w bieli,Symphony in White,Symphonie in Weiß
Morze lodu (Rozbite nadzieje),The Sea of Ice (The Wreck of Hope),Das Eismeer (Die gescheiterte Hoffnung)
Latarnia morska w Harwich,Harwich Lighthouse,Der Leuchtturm von Harwich
Kobieta jedząca ostrygi,Woman Eating Oysters,Austern essende Frau
Portret Emilie Flöge,Portrait of Emilie Flöge,Bildnis Emilie Flöge
"Pożar Izb Parlamentu w Londynie, 16 października 1834","The Burning of the Houses of Parliament, 16 October 1834","Der Brand des Parlaments, 16. Oktober 1834"
Grecja na ruinach Missolungi,Greece on the Ruins of Missolonghi,Griechenland auf den Ruinen von Missolunghi
Tryton i Nereida,Triton and Nereid,Triton und Nereide
Zamykam się w sobie,I Lock My Door Upon Myself,Ich schließe mich in mir ein
Autoportret,Self-Portrait,Selbstbildnis
Dziedziniec zamku Warwick,The Courtyard of Warwick Castle,Der Hof von Warwick Castle
Dwie Tahitanki,Two Tahitian Women,Zwei Tahitianerinnen
Zwodzony most,The Langlois Bridge,Die Zugbrücke
Kąpiąca się z Valpinçon,The Valpinçon Bather,Die Badende von Valpinçon
Złote rybki i rzeźba,Goldfish and Sculpture,Goldfische und Skulptur
Tancerka,The Dancer,Die Tänzerin
Skruszony święty Piotr,The Repentant Saint Peter,Der reuige heilige Petrus
Śmierć Marata,The Death of Marat,Der Tod des Marat
Madonna,Madonna,Madonna
Fryzura,The Coiffure,Die Frisur
Żniwa,The Harvesters,Die Kornernte
Młodzieniec trzymający czaszkę,Young Man Holding a Skull,Jüngling mit Totenschädel
Kościół wiejski,Village Church,Dorfkirche
Koń w krajobrazie,Horse in a Landscape,Pferd in Landschaft
Targ w Tunisie,Market in Tunis,Markt in Tunis
Wiadukt w L'Estaque,Viaduct at L'Estaque,Viadukt in L'Estaque
Podaj imiona graczy,Enter player names,Namen der Spieler eingeben
Gracz %d:,Player %d:,Spieler %d:
Gracz %d,Player %d,Spieler %d
Rozpocznij grę,Start game,Spiel starten
Miejsca »,Places »,Orte »
Spichlerz,Warehouse,Kornspeicher
Spichlerz »,Warehouse »,Kornspeicher »
Wyślij i sprzedaj,Ship and sell,Versenden und verkaufen
Sprzedano %d jednostek: %s.,Sold %d units: %s.,%d Einheiten verkauft: %s.
Brak zapasów do sprzedania: %s.,No stock to sell: %s.,Kein Bestand zum Verkauf: %s.
%d szt. — %.1f M/szt.,%d units — %.1f M/unit,%d Einheiten — %.1f M/Einheit
Pola: %d | Uprawa: %s,Fields: %d | Crop: %s,Felder: %d | Anbau: %s
Robotnicy: %d,Workers: %d,Arbeiter: %d
Zboże w magazynie: %d,Stored crop: %d,Lagerbestand: %d
W tym mieście trwa dziś aukcja!,An auction is taking place in this city today!,Heute findet in dieser Stadt eine Auktion statt!
Przejdź do aukcji »,Go to auction »,Zur Auktion »
Gotowe do zbioru: %d jednostek.,Ready to harvest: %d units.,Erntereif: %d Einheiten.
Pola: %d,Fields: %d,Felder: %d
Sadzić:,Plant:,Pflanzen:
%s: %d pól,%s: %d fields,%s: %d Felder
Podsumowanie roku %d,Year summary %d,Jahresübersicht %d
Linie żeglugowe,Shipping lines,Schifffahrtslinien
"Inflacja: %.1f%%
Kurs dolara: %.2f M","Inflation: %.1f%%
Dollar rate: %.2f M","Inflation: %.1f%%
Dollarkurs: %.2f M"
Kontynuuj »,Continue »,Weiter »
Rezygnuję z aukcji,Withdraw from auction,Auktion aufgeben
Mężczyzna,Male,Männlich
Kobieta,Female,Weiblich
Cylinder,Top Hat,Zylinder
Monokl,Monocle,Monokel
Boa z piór,Feather Boa,Federboa
Obraz trafia do kolekcji (%d/%d).,Painting joins the collection (%d/%d).,Das Gemälde geht in die Sammlung ein (%d/%d).
Który z tych dwóch obrazów to podróbka?,Which of these two paintings is the forgery?,Welches der beiden Gemälde ist die Fälschung?
Ta jest podróbką,This one is the forgery,Das ist die Fälschung
Trafnie! To rzeczywiście była podróbka.,Correct! That really was the forgery.,Richtig! Das war tatsächlich die Fälschung.
Nietrafiona odpowiedź — to był oryginał.,Wrong guess — that was the original.,Falsch geraten — das war das Original.
 Eksperckość +%.0f%%., Expertise +%.0f%%., Expertise +%.0f%%.
Zamknij,Close,Schließen
 (aktywny), (active), (aktiv)
 (maksimum), (maximum), (Maximum)
%.0f M,%.0f M,%.0f M
%d. %s,%d. %s,%d. %s
%s — %s,%s — %s,%s — %s
"%s
%s","%s
%s","%s
%s"
Bonus,Bonus,Bonus
"Dodatkowo w kopercie czekał prawdziwy obraz: „%s” (%s, %s)!","A genuine painting was also waiting in the envelope: “%s” (%s, %s)!","Zusätzlich wartete ein echtes Gemälde im Umschlag: „%s“ (%s, %s)!"
"Eksperckość zwiększa szansę na wczesne ostrzeżenie o podróbce w Domu aukcyjnym
(NIE wpływa na szacowaną wartość obrazu)","Expertise increases the chance of an early forgery warning at the Auction House
(does NOT affect the estimated value of a painting)","Expertise erhöht die Chance auf eine frühe Fälschungswarnung im Auktionshaus
(beeinflusst NICHT den Schätzwert eines Gemäldes)"
Eksperckość: %.0f%%,Expertise: %.0f%%,Expertise: %.0f%%
Euforia inwestorów! Kursy WSZYSTKICH linii żeglugowych rosną naraz o %.0f%%.,Investor euphoria! ALL shipping line rates jump by %.0f%% at once.,Anlegereuphorie! Die Kurse ALLER Schifffahrtslinien steigen gleichzeitig um %.0f%%.
Galeria »,Gallery »,Galerie »
Gangster złapany! Dodatkowa grzywna %.0f M.,Gangster caught! Additional fine %.0f M.,Gangster gefasst! Zusätzliche Geldstrafe %.0f M.
Gracz,Player,Spieler
Hossa na giełdzie!,Stock market boom!,Börsenboom!
Klęska żywiołowa w %s!,Natural disaster in %s!,Naturkatastrophe in %s!
Konfiskata w %s!,Confiscation in %s!,Beschlagnahmung in %s!
Kontuzja!,Injury!,Verletzung!
Krach giełdowy!,Stock market crash!,Börsencrash!
Kup pompę wodną (%.0f M),Buy water pump (%.0f M),Wasserpumpe kaufen (%.0f M)
Następny zakład możliwy za %d dni.,Next bet possible in %d days.,Nächste Wette möglich in %d Tagen.
Niepokoje społeczne uderzają w plantację.,Civil unrest strikes the plantation.,Soziale Unruhen treffen die Plantage.
"Noworoczna Loteria!
%s wygrywa %.0f M.","New Year Lottery!
%s wins %.0f M.","Neujahrslotterie!
%s gewinnt %.0f M."
Obraz nr %d — %s,Painting no. %d — %s,Gemälde Nr. %d — %s
Panika na parkiecie! Kursy WSZYSTKICH linii żeglugowych spadają naraz o %.0f%%.,Panic on the trading floor! ALL shipping line rates drop by %.0f%% at once.,Panik auf dem Börsenparkett! Die Kurse ALLER Schifffahrtslinien fallen gleichzeitig um %.0f%%.
Podbij,Raise bid,Gebot erhöhen
Pompa wodna (kupiona),Water pump (purchased),Wasserpumpe (gekauft)
Pompa wodna kupiona — plantacja odporna na suszę/powódź.,Water pump purchased — the plantation is now protected against drought/flood.,Wasserpumpe gekauft — die Plantage ist jetzt vor Dürre/Überschwemmung geschützt.
ROK %d,YEAR %d,JAHR %d
Reforma walutowa!,Currency reform!,Währungsreform!
Rezygnuję,Withdraw,Aufgeben
Robotnicy porzucają pracę wobec zaległych wypłat.,Workers walk off the job over unpaid wages.,Arbeiter legen wegen ausstehender Löhne die Arbeit nieder.
Rzeka,River,Fluss
Rząd wprowadza nowy przelicznik marki na dolara: %d:1. Nowy kurs dolara: %.2f M.,The government introduces a new mark-to-dollar conversion rate: %d:1. New dollar rate: %.2f M.,Die Regierung führt einen neuen Umrechnungskurs von Mark zu Dollar ein: %d:1. Neuer Dollarkurs: %.2f M.
Straciłeś/-aś %d robotników.,You lost %d workers.,Du hast %d Arbeiter verloren.
Strajk w %s!,Strike in %s!,Streik in %s!
Susza i powodzie niszczą uprawy — pompa wodna dałaby pełną ochronę.,Drought and floods destroy the crops — a water pump would have given full protection.,Dürre und Überschwemmungen zerstören die Ernte — eine Wasserpumpe hätte vollen Schutz geboten.
Sytuacja wymknęła się spod kontroli — plantacja została całkowicie utracona.,The situation spiraled out of control — the plantation was completely lost.,Die Situation geriet außer Kontrolle — die Plantage ist vollständig verloren.
Sąsiaduje z rzeką (większy plon),Adjacent to the river (higher yield),Grenzt an den Fluss (höherer Ertrag)
Towar zepsuty w %s!,Goods spoiled in %s!,Waren verdorben in %s!
Twoje pole (niezasiane),Your field (unplanted),Dein Feld (unbepflanzt)
Ulubiony obraz wuja! Bonus: %.0f M.,Uncle's favorite painting! Bonus: %.0f M.,Lieblingsgemälde des Onkels! Bonus: %.0f M.
Wiadomości,News,Nachrichten
Wolne pole (do kupienia),Vacant field (for sale),Freies Feld (kaufbar)
Wycisz muzykę,Mute music,Musik stummschalten
Władze skonfiskowały %d jednostek przemycanej uprawy.,The authorities confiscated %d units of the smuggled crop.,Die Behörden haben %d Einheiten der geschmuggelten Ernte beschlagnahmt.
Za mało gotówki na gangstera.,Not enough cash for a gangster.,Nicht genug Bargeld für einen Gangster.
Za mało gotówki na pompę wodną.,Not enough cash for a water pump.,Nicht genug Bargeld für eine Wasserpumpe.
Zajęte przez innego gracza (kolor/inicjał = kto),Occupied by another player (color/initial = who),Von einem anderen Spieler belegt (Farbe/Initiale = wer)
Zamieszki w %s!,Riots in %s!,Unruhen in %s!
Zapas %s (%d jednostek) leżał w magazynie zbyt długo i uległ zepsuciu.,The stock of %s (%d units) sat in the warehouse too long and spoiled.,Der Bestand an %s (%d Einheiten) lag zu lange im Lager und ist verdorben.
Zebrane zapasy zostały skonfiskowane.,The harvested stock was confiscated.,Die geernteten Vorräte wurden beschlagnahmt.
kurs ×%.1f,odds ×%.1f,Quote ×%.1f
szansa %.0f%%,chance %.0f%%,Chance %.0f%%
« Wróć do galerii,« Back to gallery,« Zurück zur Galerie
« Wróć,« Back,« Zurück
"„%s” — %s, %s","“%s” — %s, %s","„%s“ — %s, %s"
⚠ możliwa podróbka!,⚠ possible forgery!,⚠ mögliche Fälschung!
Instrukcja,Instructions,Anleitung
Cel gry,Game objective,Spielziel
"Grasz jako spadkobierca/spadkobierczyni wuja Walthera von Rabensteina, odbudowując rodzinną fortunę i szukając rozproszonej kolekcji 40 obrazów. Zarabiasz na plantacjach, giełdzie i wyścigach, a zdobyte pieniądze inwestujesz w licytacje na aukcjach, żeby skompletować kolekcję przed rywalami — w tym fałszerzem Vico Falsarim, który podrzuca na aukcje podróbki.","You play as the heir to Uncle Walther von Rabenstein, rebuilding the family fortune and tracking down his scattered collection of 40 paintings. Earn money from plantations, the stock market and horse races, then invest it in auction bids to complete the collection before your rivals — including the forger Vico Falsari, who slips fakes into the auctions.","Du spielst als Erbin oder Erbe von Onkel Walther von Rabenstein und baust das Familienvermögen wieder auf, während du seiner verstreuten Sammlung von 40 Gemälden nachjagst. Verdiene Geld mit Plantagen, der Börse und Pferderennen und investiere es in Auktionsgebote, um die Sammlung vor deinen Rivalen zu vervollständigen — allen voran dem Fälscher Vico Falsari, der Fälschungen in die Auktionen einschleust."
Zwycięstwo i porażka,Victory and defeat,Sieg und Niederlage
Hub i mapa świata,Hub and world map,Zentrale und Weltkarte
Reformy walutowe i inflacja,Currency reforms and inflation,Währungsreformen und Inflation
"Kurs dolara rośnie z czasem; gdy przekroczy próg 14,0, Hub ostrzega o zbliżającej się reformie walutowej. Każda reforma gwałtownie przelicza gotówkę wszystkich graczy w stosunku 5:1 — kontrakty terminowe zawarte przed reformą zachowują swoją pierwotną cenę, więc doświadczeni gracze traktują je jako zabezpieczenie.","The dollar rate climbs over time; once it passes 14.0, the Hub warns that a currency reform is approaching. Every reform sharply converts all players' cash at a 5:1 ratio — forward contracts signed before the reform keep their original price, so experienced players use them as a hedge.","Der Dollarkurs steigt mit der Zeit; überschreitet er 14,0, warnt die Zentrale vor einer bevorstehenden Währungsreform. Jede Reform rechnet das Bargeld aller Spieler abrupt im Verhältnis 5:1 um — vor der Reform abgeschlossene Terminkontrakte behalten ihren ursprünglichen Preis, weshalb erfahrene Spieler sie als Absicherung nutzen."
Nowy Rok,New Year,Neujahr
"Na przełomie roku w grze najpierw pojawia się animowana Noworoczna Loteria — jeden zwycięzca spośród wszystkich graczy losowo otrzymuje gotówkę, a czasem także rzadki, autentyczny obraz z głównego katalogu. Zaraz po niej pokazuje się Podsumowanie roku z przeglądem Twoich wyników.","At the turn of the in-game year, an animated New Year's Lottery plays first — one winner, drawn at random from all players, receives cash and sometimes a rare, genuine painting from the main catalogue. Right after it, the Year Summary shows an overview of your results.","Zum Jahreswechsel im Spiel erscheint zuerst die animierte Neujahrslotterie — ein zufällig unter allen Spielern gezogener Gewinner erhält Bargeld und manchmal auch ein seltenes, echtes Gemälde aus dem Hauptkatalog. Direkt danach zeigt die Jahresübersicht eine Zusammenfassung deiner Ergebnisse."
Gra wieloosobowa,Multiplayer,Mehrspielermodus
"Do 4 osób może grać na jednym urządzeniu na zmianę (hot-seat) — pasek stanu zawsze pokazuje, czyja jest tura. Siatki plantacji są wspólne dla wszystkich graczy: kto pierwszy zajmie dobre pole przy rzece, ten ma przewagę.","Up to 4 people can play on one device, taking turns (hot-seat) — the status bar always shows whose turn it is. Plantation grids are shared by all players: whoever claims a good riverside plot first gets the advantage.","Bis zu 4 Personen können abwechselnd an einem Gerät spielen (Hotseat) — die Statusleiste zeigt immer an, wer gerade am Zug ist. Die Plantagenraster werden von allen Spielern gemeinsam genutzt: Wer sich zuerst ein gutes Feld am Fluss sichert, hat den Vorteil."
W Ustawieniach zmienisz język interfejsu (polski/angielski/niemiecki) i wyciszysz muzykę. Grę można w każdej chwili zapisać i wyjść z poziomu Huba.,In Settings you can change the interface language (Polish/English/German) and mute the music. You can save and exit the game at any time from the Hub.,In den Einstellungen kannst du die Oberflächensprache (Polnisch/Englisch/Deutsch) ändern und die Musik stummschalten. Du kannst das Spiel jederzeit über die Zentrale speichern und beenden.
"Hub to ekran startowy każdej tury — w rogach widać Twoją lokalizację i datę, liczbę zebranych obrazów, termin następnej aukcji oraz gotówkę. Menu w prawym dolnym rogu ma cztery stałe przyciski: „Jedź »” (otwiera mapę świata), „Miejsca »” (rozwija podmenu lokacji), „Koniec tury »” (przesuwa kalendarz) i „Zapisz i wyjdź do menu” (zapisuje grę).","The Hub is your starting screen each turn — the corners show your location and date, how many paintings you've collected, the date of the next auction, and your cash. The menu in the bottom-right corner has four fixed buttons: “Travel »” (opens the world map), “Places »” (expands the location submenu), “End turn »” (advances the calendar), and “Save and exit to menu” (saves the game).","Die Zentrale ist dein Startbildschirm für jede Runde — in den Ecken siehst du deinen Standort und das Datum, wie viele Gemälde du gesammelt hast, den Termin der nächsten Auktion und dein Bargeld. Das Menü unten rechts hat vier feste Schaltflächen: „Reisen »“ (öffnet die Weltkarte), „Orte »“ (klappt das Standort-Untermenü auf), „Zug beenden »“ (lässt den Kalender voranschreiten) und „Speichern und zum Menü“ (speichert das Spiel)."
"Przycisk „Miejsca »” pokazuje wszystkie akcje dostępne w Twojej bieżącej lokalizacji: Plantacje i Spichlerz tylko w miastach plantacyjnych, Dom aukcyjny i Galeria tylko w miastach aukcyjnych, Giełda i Rynek w Nowym Jorku i miastach aukcyjnych, Szkoła sztuki wyłącznie w Paryżu — a Wyścigi konne i Ochrona są dostępne zawsze, z każdej lokalizacji. Niedostępna tu akcja po prostu nie pokazuje się na liście, zamiast być wyszarzona.","The “Places »” button shows every action available at your current location: Plantations and the Warehouse only in plantation cities, the Auction House and Gallery only in auction cities, the Stock Market and Market in New York and auction cities, the Art School only in Paris — while Horse Races and Protection are always available, from anywhere. An action that isn't available here simply doesn't appear on the list, rather than being grayed out.","Die Schaltfläche „Orte »“ zeigt alle an deinem aktuellen Standort verfügbaren Aktionen: Plantagen und Kornspeicher nur in Plantagenstädten, Auktionshaus und Galerie nur in Auktionsstädten, Börse und Markt in New York und in Auktionsstädten, die Kunstschule ausschließlich in Paris — Pferderennen und Schutz sind dagegen immer verfügbar, von jedem Ort aus. Eine hier nicht verfügbare Aktion erscheint einfach gar nicht in der Liste, statt nur ausgegraut zu sein."
"„Jedź »” otwiera mapę świata z 18 lokacjami — dotknij pinezkę, żeby zobaczyć czas podróży (od ok. 1,5 dnia między sąsiednimi miastami Europy do prawie miesiąca na najdłuższych trasach) i potwierdzić przyciskiem „Jedź »” na dole ekranu. Mapę można przybliżać (uszczypnięcie/kółko myszy) i przesuwać przeciąganiem. „Koniec tury »” przesuwa kalendarz o 7 dni, chyba że w tym oknie wypada zaplanowana aukcja w Twoim mieście — wtedy tura skraca się, żeby jej nie przegapić.","“Travel »” opens the world map with 18 locations — tap a pin to see the travel time (from about 1.5 days between neighbouring European cities to almost a month on the longest routes) and confirm with the “Travel »” button at the bottom of the screen. The map can be zoomed (pinch or mouse wheel) and panned by dragging. “End turn »” advances the calendar by 7 days, unless a scheduled auction in your city falls within that window — then the turn is shortened so you don't miss it.","„Reisen »“ öffnet die Weltkarte mit 18 Orten — tippe eine Markierung an, um die Reisezeit zu sehen (von etwa 1,5 Tagen zwischen benachbarten europäischen Städten bis fast einem Monat auf den längsten Strecken) und bestätige mit der Schaltfläche „Reisen »“ am unteren Bildschirmrand. Die Karte lässt sich zoomen (Zwei-Finger-Geste oder Mausrad) und durch Ziehen verschieben. „Zug beenden »“ lässt den Kalender um 7 Tage voranschreiten, außer in diesem Zeitraum liegt eine geplante Auktion in deiner Stadt — dann wird die Runde verkürzt, damit du sie nicht verpasst."
"Każde miasto plantacyjne ma własną siatkę 16×16 pól, wspólną dla wszystkich graczy i wylosowaną raz na całą grę — rzeka (niebieski pas) przecina siatkę po przekątnej. Pole kosztuje 500 M i kupujesz je, dotykając wolnego pola (ikonka „+”); kto pierwszy kupi dane pole, ten jest jego właścicielem na resztę gry. Pola leżące obok rzeki — poziomo, pionowo lub po przekątnej — dają DWA RAZY większy plon niż pola zwykłe, więc miejsce przy rzece jest najcenniejszą działką na planszy.","Every plantation city has its own 16×16 grid of plots, shared by all players and randomised once for the whole game — a river (blue band) cuts diagonally across the grid. A plot costs 500 M and you buy it by tapping a free plot (the “+” icon); whoever buys a given plot first owns it for the rest of the game. Plots next to the river — horizontally, vertically or diagonally — yield TWICE as much as ordinary plots, so riverside land is the most valuable spot on the board.","Jede Plantagenstadt hat ihr eigenes 16×16-Feldraster, das allen Spielern gemeinsam gehört und einmal für die gesamte Partie zufällig festgelegt wird — ein Fluss (blaues Band) durchquert das Raster diagonal. Ein Feld kostet 500 M und wird durch Antippen eines freien Feldes (Symbol „+“) gekauft; wer ein Feld zuerst kauft, dem gehört es für den Rest der Partie. Felder neben dem Fluss — waagerecht, senkrecht oder diagonal — liefern DOPPELT so viel Ertrag wie gewöhnliche Felder, weshalb Land am Fluss die wertvollste Parzelle auf dem Feld ist."
"Kupione, ale puste pole (goła ziemia) zasadzasz, dotykając go — obsiewa się uprawą wybraną w rozwijanej liście „Sadzić:” (Kawa, Tytoń, Herbata, Kakao, a w Ankarze i Gwatemali dodatkowo ryzykowna „Przemycana uprawa”). Jedna plantacja może uprawiać kilka różnych roślin naraz, każdą na innych polach. Pole „Robotnicy:” ustawia liczbę zatrudnionych na CAŁEJ plantacji (do 500) — każdy kosztuje 1 M dziennie, płatne automatycznie z Twojej gotówki. Plon rośnie WPROST proporcjonalnie do liczby robotników: przy 500 robotnikach dostajesz pełny plon z tabeli referencyjnej, przy 250 — połowę, przy 0 — nic, niezależnie od tego, ile masz obsianych pól.","A bought but empty plot (bare soil) is planted by tapping it — it gets sown with whatever crop is selected in the “Plant:” dropdown (Coffee, Tobacco, Tea, Cocoa, and in Ankara and Guatemala also the risky “Smuggled crop”). One plantation can grow several different crops at once, each on its own plots. The “Workers:” field sets how many are employed on the WHOLE plantation (up to 500) — each costs 1 M a day, paid automatically from your cash. Yield scales DIRECTLY with the number of workers: 500 workers gets you the full reference yield, 250 gets half, 0 gets nothing, no matter how many plots you have sown.","Ein gekauftes, aber leeres Feld (kahle Erde) wird durch Antippen bepflanzt — es wird mit der in der Auswahlliste „Anbauen:“ gewählten Pflanze bestellt (Kaffee, Tabak, Tee, Kakao, in Ankara und Guatemala zusätzlich der riskante „geschmuggelte Anbau“). Eine Plantage kann mehrere verschiedene Pflanzen gleichzeitig anbauen, jede auf eigenen Feldern. Das Feld „Arbeiter:“ legt fest, wie viele auf der GESAMTEN Plantage beschäftigt sind (bis zu 500) — jeder kostet 1 M pro Tag, automatisch von deinem Bargeld bezahlt. Der Ertrag steigt DIREKT proportional zur Arbeiterzahl: bei 500 Arbeitern erhältst du den vollen Referenzertrag, bei 250 die Hälfte, bei 0 nichts — unabhängig davon, wie viele Felder bestellt sind."
"Poza robotnikami na wielkość zbiorów wpływają jeszcze trzy czynniki: pora roku (zimą i latem plon spada nawet do 30-40% normy, wiosną i jesienią jest najwyższy), czas od ostatnich zbiorów (plon liczy się proporcjonalnie do dni, jakie minęły) oraz sama liczba i jakość Twoich pól (pole przy rzece liczy się podwójnie). Każde miasto ma inny profil upraw — np. Ankara/Bombaj/Colombo dają dużo herbaty i mało kawy, Rio/Abidżan/Duala odwrotnie — więc opłaca się sprawdzić, co w danym mieście rośnie najlepiej.","Besides workers, three more factors affect harvest size: the season (yield drops to as low as 30-40% of normal in winter and summer, and peaks in spring and autumn), time since the last harvest (yield scales with how many days have passed), and the number and quality of your plots (a riverside plot counts double). Every city has a different crop profile — Ankara/Bombay/Colombo grow lots of tea and little coffee, Rio/Abidjan/Douala the other way round — so it pays to check what grows best where you are.","Neben den Arbeitern beeinflussen noch drei weitere Faktoren die Erntemenge: die Jahreszeit (im Winter und Sommer sinkt der Ertrag auf bis zu 30-40% der Norm, im Frühling und Herbst ist er am höchsten), die Zeit seit der letzten Ernte (der Ertrag skaliert mit den vergangenen Tagen) sowie Anzahl und Qualität deiner Felder (ein Feld am Fluss zählt doppelt). Jede Stadt hat ein anderes Anbauprofil — Ankara/Bombay/Colombo liefern viel Tee und wenig Kaffee, Rio/Abidjan/Duala umgekehrt — es lohnt sich also zu prüfen, was wo am besten gedeiht."
"„Kup pompę wodną (5000 M)” to jednorazowa inwestycja na całą plantację: podnosi CAŁY jej plon o 20% i całkowicie chroni przed suszą/powodzią (bez pompy ryzyko klęski pogodowej wynosi ok. 3% na tydzień). Jeśli zabraknie Ci gotówki na wypłaty dla robotników, grozi strajk — plantacja traci wszystkie zebrane zapasy i połowę załogi; w niespokojnych regionach (m.in. Ankara, Bombaj, Colombo) to samo mogą wywołać zamieszki. Trzy takie uderzenia z rzędu (strajk lub zamieszki, liczone łącznie) kosztują całą plantację.","“Buy water pump (5000 M)” is a one-time investment for the whole plantation: it raises its ENTIRE yield by 20% and fully protects against drought/flooding (without a pump, weather-disaster risk is about 3% a week). If you can't afford your workers' wages, you risk a strike — the plantation loses all its stored goods and half its workforce; in unstable regions (including Ankara, Bombay, Colombo) unrest can cause the same thing. Three such hits in a row (strikes or unrest, counted together) cost you the entire plantation.","„Wasserpumpe kaufen (5000 M)“ ist eine einmalige Investition für die gesamte Plantage: Sie steigert ihren GESAMTEN Ertrag um 20% und schützt vollständig vor Dürre/Überschwemmung (ohne Pumpe liegt das Risiko einer Wetterkatastrophe bei etwa 3% pro Woche). Reicht dein Geld nicht für die Löhne, droht ein Streik — die Plantage verliert alle gelagerten Vorräte und die halbe Belegschaft; in unruhigen Regionen (u.a. Ankara, Bombay, Colombo) können Unruhen dasselbe auslösen. Drei solcher Treffer in Folge (Streiks oder Unruhen zusammengerechnet) kosten dich die gesamte Plantage."
Legenda: ikony statystyk,Legend: status icons,Legende: Statussymbole
Legenda: kolory pinezek na mapie,Legend: map pin colors,Legende: Farben der Kartenmarkierungen
Legenda: pola na siatce,Legend: grid plots,Legende: Felder im Raster
Złota moneta — Twoja gotówka.,Gold coin — your cash.,Goldmünze — dein Bargeld.
Kalendarzyk — aktualna data w grze.,Calendar — the current in-game date.,Kalender — das aktuelle Datum im Spiel.
Lupa — Twoja eksperckość (patrz sekcja „Szkoła sztuki” niżej).,Magnifying glass — your expertise (see the “Art School” section below).,Lupe — deine Expertise (siehe Abschnitt „Kunstschule“ weiter unten).
Miasto plantacyjne — dostępne tu Plantacje i Spichlerz.,A plantation city — Plantations and the Warehouse are available here.,Eine Plantagenstadt — hier sind Plantagen und Kornspeicher verfügbar.
Miasto aukcyjne — dostępny tu Dom aukcyjny i Galeria (a w Paryżu dodatkowo Szkoła sztuki).,"An auction city — the Auction House and Gallery are available here (and in Paris, also the Art School).",Eine Auktionsstadt — hier sind Auktionshaus und Galerie verfügbar (in Paris zusätzlich die Kunstschule).
"Nowy Jork — jedyne miasto typu „hub”, dostępne tu Giełda i Rynek (razem z miastami aukcyjnymi).","New York — the only “hub” city, where the Stock Market and Market are available (along with auction cities).","New York — die einzige „Hub“-Stadt, hier sind Börse und Markt verfügbar (zusammen mit den Auktionsstädten)."
Twoja aktualna lokalizacja.,Your current location.,Dein aktueller Standort.
"Rzeka — niedostępna do kupienia; pola obok niej (poziomo, pionowo lub po przekątnej) dają dwa razy większy plon.","River — cannot be bought; the plots next to it (horizontally, vertically or diagonally) yield twice as much.","Fluss — kann nicht gekauft werden; die Felder daneben (waagerecht, senkrecht oder diagonal) liefern doppelten Ertrag."
"Wolne pole — kosztuje 500 M, dotknij, żeby je kupić.","Free plot — costs 500 M, tap to buy it.","Freies Feld — kostet 500 M, zum Kaufen antippen."
"Twoje pole, jeszcze niezasiane — dotknij, żeby zasiać uprawę wybraną w liście „Sadzić:”.","Your plot, not yet planted — tap to sow the crop selected in the “Plant:” list.","Dein Feld, noch nicht bepflanzt — antippen, um die in der Liste „Anbauen:“ gewählte Pflanze zu säen."
Twoje pole sąsiadujące z rzeką (jasna obwódka) — po zasianiu da dwa razy większy plon niż zwykłe pole.,"Your riverside plot (light outline) — once planted, it yields twice as much as an ordinary plot.",Dein Feld am Fluss (heller Rand) — nach der Bepflanzung liefert es doppelt so viel Ertrag wie ein gewöhnliches Feld.
"Obsiane pole — kolor rośliny pokazuje uprawę (tu: kawa); z czasem wygląd „dojrzewa”, czysto kosmetycznie, bez wpływu na plon.","A planted plot — the plant's colour shows the crop (here: coffee); its look “matures” over time, purely cosmetic, with no effect on yield.","Ein bepflanztes Feld — die Farbe der Pflanze zeigt die Anbaupflanze (hier: Kaffee); das Aussehen „reift“ mit der Zeit, rein kosmetisch, ohne Einfluss auf den Ertrag."
"Przemycana uprawa — dostępna tylko w Ankarze i Gwatemali; wyższa cena sprzedaży, ale ryzyko konfiskaty.","Smuggled crop — only available in Ankara and Guatemala; a higher sale price, but a risk of confiscation.","Geschmuggelter Anbau — nur in Ankara und Guatemala verfügbar; höherer Verkaufspreis, aber Konfiskationsrisiko."
Tylko w grze wieloosobowej: pole zajęte przez innego gracza (kolor + inicjał imienia) — nie da się go kupić ani na nim sadzić.,Multiplayer only: a plot claimed by another player (colour + name initial) — it can't be bought or planted on.,Nur im Mehrspielermodus: ein von einem anderen Spieler belegtes Feld (Farbe + Namenskürzel) — es kann weder gekauft noch bepflanzt werden.
„Zbierz plony” zbiera od razu wszystkie dojrzałe uprawy z tej plantacji (może być kilka naraz) i pokazuje łączną ilość. „Wyślij i sprzedaj” wysyła cały zebrany zapas do sprzedaży w Nowym Jorku. Przycisk „Spichlerz »” prowadzi do zbiorczego magazynu wszystkich Twoich plantacji w tym mieście (opisany niżej). Poniżej — pełna legenda wyglądu pól.,“Harvest” immediately collects every ripe crop on this plantation (there can be several at once) and shows the total amount. “Ship and sell” sends the whole stored batch off to be sold in New York. The “Warehouse »” button leads to the combined store for all your plantations in this city (described below). Below — the full legend of plot appearances.,„Ernten“ sammelt sofort alle reifen Ernten dieser Plantage ein (es können mehrere gleichzeitig sein) und zeigt die Gesamtmenge. „Verschicken und verkaufen“ schickt den gesamten gelagerten Bestand zum Verkauf nach New York. Die Schaltfläche „Kornspeicher »“ führt zum gemeinsamen Lager all deiner Plantagen in dieser Stadt (weiter unten beschrieben). Darunter — die vollständige Legende der Feldansichten.
"Spichlerz to ekran widoczny tylko w mieście plantacyjnym — zbiera w jednym miejscu zebrane plony ze WSZYSTKICH Twoich plantacji w tym mieście, nie tylko z jednej. Pięć „silosów” (Kawa, Tytoń, Herbata, Kakao i — jeśli akurat masz coś zebrane — Przemycana uprawa) pokazuje ilość zapasów i aktualną cenę sprzedaży za jednostkę; poziom wypełnienia paska w silosie rośnie wraz z zapasami (czysto wizualne, bez twardego limitu pojemności).","The Warehouse is only shown in a plantation city — it pools the harvest from ALL your plantations in that city, not just one. Five “silos” (Coffee, Tobacco, Tea, Cocoa, and — if you happen to have any — the Smuggled crop) show the stock amount and current sale price per unit; the fill level of the bar in a silo rises with the stock (purely visual, no hard capacity limit).","Der Kornspeicher wird nur in einer Plantagenstadt angezeigt — er sammelt die Ernte ALLER deiner Plantagen in dieser Stadt an einem Ort, nicht nur einer. Fünf „Silos“ (Kaffee, Tabak, Tee, Kakao und — falls gerade vorhanden — der geschmuggelte Anbau) zeigen die Bestandsmenge und den aktuellen Verkaufspreis pro Einheit; der Füllstand des Balkens im Silo steigt mit dem Bestand (rein visuell, ohne feste Kapazitätsgrenze)."
"Przycisk „Wyślij i sprzedaj” pod danym silosem sprzedaje NATYCHMIAST cały jego zapas do magazynu w Nowym Jorku po dzisiejszej cenie rynkowej (tej samej, którą widzisz też na ekranie Rynek) — nie da się sprzedać tylko części zapasu. Towar, który zaległ w magazynie dłużej niż rok (360 dni gry), psuje się i przepada bez ostrzeżenia poza kartą wydarzenia informującą o stracie — regularne wysyłanie zapasów jest więc ważniejsze niż czekanie na lepszą cenę.","The “Ship and sell” button under a silo IMMEDIATELY sells its entire stock to the New York warehouse at today's market price (the same one shown on the Market screen) — you can't sell only part of the stock. Goods left in storage for over a year (360 game days) spoil and are lost, with no warning beyond the event card reporting the loss — shipping stock out regularly matters more than waiting for a better price.","Die Schaltfläche „Verschicken und verkaufen“ unter einem Silo verkauft dessen gesamten Bestand SOFORT zum heutigen Marktpreis (demselben, der auch auf dem Markt-Bildschirm angezeigt wird) an das Lager in New York — ein Teilverkauf ist nicht möglich. Ware, die länger als ein Jahr (360 Spieltage) eingelagert bleibt, verdirbt und geht ohne Vorwarnung verloren, außer der Ereigniskarte, die den Verlust meldet — regelmäßiges Verschicken ist daher wichtiger als das Warten auf einen besseren Preis."
"Cztery „sejfy” to cztery fikcyjne linie żeglugowe, każda przypisana do regionu świata: Lloyd (Azja), Star (Afryka), Hanse (Ameryka Południowa) i Royal (Ameryka Północna). Pod każdym widzisz aktualny kurs (w markach za akcję) i liczbę udziałów, które już posiadasz. Przyciski „Kup 10”/„Sprzedaj 10” zawsze handlują pakietem po 10 sztuk naraz, po aktualnym kursie — nie da się kupić/sprzedać innej liczby.","The four “vaults” are four fictional shipping lines, each tied to a world region: Lloyd (Asia), Star (Africa), Hanse (South America) and Royal (North America). Under each you see the current price (in marks per share) and how many shares you already own. The “Buy 10”/“Sell 10” buttons always trade a block of 10 at once, at the current price — you can't buy or sell any other amount.","Die vier „Tresore“ stehen für vier fiktive Reedereien, jede einer Weltregion zugeordnet: Lloyd (Asien), Star (Afrika), Hanse (Südamerika) und Royal (Nordamerika). Darunter siehst du den aktuellen Kurs (in Mark pro Aktie) und wie viele Aktien du bereits besitzt. Die Schaltflächen „Kaufen 10“/„Verkaufen 10“ handeln immer ein Paket von 10 Stück auf einmal, zum aktuellen Kurs — eine andere Stückzahl ist nicht möglich."
"Kursy nie są przypadkowe: rosną, gdy jesteś aktywny/-a na plantacjach w regionie danej linii (kupujesz pola, zatrudniasz robotników), a do tego każdego dnia lekko dryfują losowo o kilka procent w górę lub w dół. Raz na jakiś czas (rzadko, ok. 2% szans na tydzień) zdarza się krach albo hossa — jednorazowa, gwałtowna zmiana kursu WSZYSTKICH czterech linii naraz o 25-45%, w tę samą stronę. Wykres pod przyciskami pokazuje historię wszystkich czterech kursów w czasie, z kolorową legendą pod nim.","Prices aren't random: they rise when you're active on plantations in that line's region (buying plots, hiring workers), and also drift slightly at random by a few percent up or down every day. Every so often (rarely, about a 2% chance per week) a crash or a boom happens — a one-off, sharp change to ALL four prices at once, by 25-45%, in the same direction. The chart below the buttons shows the history of all four prices over time, with a coloured legend underneath.","Die Kurse sind nicht zufällig: Sie steigen, wenn du auf Plantagen in der Region der jeweiligen Reederei aktiv bist (Felder kaufst, Arbeiter einstellst), und schwanken zusätzlich täglich leicht zufällig um einige Prozent nach oben oder unten. Gelegentlich (selten, etwa 2% Wahrscheinlichkeit pro Woche) kommt es zu einem Crash oder Höhenflug — einer einmaligen, heftigen Änderung aller vier Kurse gleichzeitig um 25-45% in dieselbe Richtung. Das Diagramm unter den Schaltflächen zeigt den Verlauf aller vier Kurse über die Zeit, mit einer farbigen Legende darunter."
"Górny wiersz pokazuje bieżącą cenę sprzedaży każdego z czterech towarów (plus przemycanej uprawy, jeśli akurat coś zebrałeś/-aś) w markach za jednostkę — dokładnie tę samą cenę, jaką dostaniesz sprzedając w Spichlerzu. Ceny zmieniają się co dzień losowo o kilka procent; wykres z kolorową legendą pod spodem pokazuje ich historię, żeby ocenić, czy dziś jest dobry moment na sprzedaż, czy lepiej poczekać.","The top row shows the current sale price of each of the four crops (plus the smuggled one, if you happen to have any) in marks per unit — exactly the same price you'd get selling at the Warehouse. Prices change randomly by a few percent every day; the chart with a coloured legend below shows their history, to help judge whether today's a good moment to sell or better to wait.","Die obere Zeile zeigt den aktuellen Verkaufspreis jeder der vier Anbaupflanzen (plus des geschmuggelten Anbaus, falls gerade vorhanden) in Mark pro Einheit — genau den Preis, den du auch beim Verkauf im Kornspeicher bekommst. Die Preise ändern sich täglich zufällig um einige Prozent; das Diagramm mit farbiger Legende darunter zeigt ihren Verlauf, um einzuschätzen, ob heute ein guter Moment zum Verkaufen ist oder ob sich Warten lohnt."
"Sekcja „Kontrakty terminowe” to osobny mechanizm: przycisk „Zawrzyj: [uprawa]” zobowiązuje Cię do dostarczenia 100 jednostek tej uprawy za 30 dni, po cenie ustalonej DZIŚ (z 10% premią ponad bieżącą cenę rynkową) — ta cena jest zamrożona i NIE zmienia się nawet po reformie walutowej, więc to dobre zabezpieczenie przed nadchodzącą inflacją. Aktywne kontrakty widać na liście pod przyciskami. Niedostarczenie w terminie kosztuje karę w wysokości 20% wartości kontraktu.","The “Forward contracts” section is a separate mechanism: the “Sign: [crop]” button commits you to delivering 100 units of that crop in 30 days, at a price fixed TODAY (with a 10% premium over the current market price) — that price is frozen and does NOT change even after a currency reform, making it good protection against coming inflation. Active contracts are shown in the list below the buttons. Missing the deadline costs a penalty of 20% of the contract's value.","Der Abschnitt „Terminkontrakte“ ist ein eigener Mechanismus: Die Schaltfläche „Abschließen: [Pflanze]“ verpflichtet dich, in 30 Tagen 100 Einheiten dieser Pflanze zu liefern, zu einem HEUTE festgelegten Preis (mit 10% Aufschlag auf den aktuellen Marktpreis) — dieser Preis ist eingefroren und ändert sich auch nach einer Währungsreform NICHT, was eine gute Absicherung gegen kommende Inflation ist. Aktive Kontrakte werden in der Liste unter den Schaltflächen angezeigt. Eine verpasste Frist kostet eine Strafe von 20% des Kontraktwerts."
"Aukcje odbywają się według harmonogramu — jedno miasto i jeden dzień na raz, losowane z wyprzedzeniem 4-12 dni. Skrzynka w lewym górnym rogu zawsze pokazuje termin i miasto następnej aukcji; jeśli wejdziesz na ten ekran poza tym terminem, zobaczysz tylko ten komunikat i przycisk powrotu — licytacja jeszcze się nie zaczęła.","Auctions follow a schedule — one city and one day at a time, drawn 4-12 days ahead. The box in the top-left corner always shows the date and city of the next auction; if you open this screen outside that date, you'll only see that message and a back button — bidding hasn't started yet.","Auktionen finden nach einem Zeitplan statt — eine Stadt und ein Tag zur Zeit, 4-12 Tage im Voraus ausgelost. Das Kästchen oben links zeigt immer Termin und Stadt der nächsten Auktion; öffnest du diesen Bildschirm außerhalb dieses Termins, siehst du nur diese Meldung und eine Zurück-Schaltfläche — das Bieten hat noch nicht begonnen."
"Gdy aukcja trwa w Twoim mieście, na środku widać obraz w ramie z szacowaną wartością i pasek 20-sekundowego licznika na każdą rundę. Każdy fizycznie obecny gracz (do 4 w hot-seat) ma WŁASNĄ ramkę po bokach ekranu z przyciskami „Podbij” (podnosi Twoją ofertę o 10% szacowanej wartości obrazu) i „Rezygnuję” (wycofuje Cię z tej rundy — pozostali licytują dalej). Rywale AI, w tym fałszerz Vico Falsari, też podbijają losowo w trakcie odliczania — czasem tuż przed końcem licznika.","While an auction is running in your city, the centre shows the framed painting with its estimated value and a 20-second countdown bar for each round. Every player physically present (up to 4 in hot-seat) has their OWN frame on the sides of the screen with “Bid” (raises your offer by 10% of the painting's estimated value) and “Withdraw” (pulls you out of this round — the others keep bidding) buttons. AI rivals, including the forger Vico Falsari, also bid randomly during the countdown — sometimes right before it runs out.","Läuft eine Auktion in deiner Stadt, zeigt die Mitte das gerahmte Gemälde mit geschätztem Wert und einer 20-Sekunden-Countdown-Leiste pro Runde. Jeder physisch anwesende Spieler (bis zu 4 im Hotseat) hat seinen EIGENEN Rahmen an den Bildschirmrändern mit den Schaltflächen „Bieten“ (erhöht dein Angebot um 10% des geschätzten Gemäldewerts) und „Aussteigen“ (nimmt dich aus dieser Runde — die übrigen bieten weiter). KI-Rivalen, darunter der Fälscher Vico Falsari, bieten während des Countdowns ebenfalls zufällig mit — manchmal kurz vor Ablauf."
"Część wystawionych obrazów to podróbki — wygrana licytacja fałszywki NIE dodaje obrazu do kolekcji, mimo zapłaty. Wyższa eksperckość ze Szkoły sztuki daje szansę na wczesne, własne ostrzeżenie „⚠ możliwa podróbka!” widoczne w Twojej ramce, zanim zalicytujesz — to jedyny efekt eksperckości, nie wpływa na szacowaną wartość. Po rozstrzygnięciu rundy pojawia się przycisk „Galeria »” (jeśli naprawdę wygrałeś obraz do kolekcji) i „« Powrót”. Czasem zamiast zwykłego obrazu trafia się rzadki, bonusowy „ulubiony obraz wuja” — nie liczy się do kompletu 40 obrazów, ale daje dodatkową nagrodę pieniężną.","Some of the paintings on offer are fakes — winning a fake does NOT add a painting to your collection, despite paying for it. Higher expertise from the Art School gives you a chance at an early, personal “⚠ possible forgery!” warning shown in your own frame before you bid — that's the only effect of expertise, it never changes the estimated value. Once a round is resolved, a “Gallery »” button appears (if you truly won a painting for your collection) along with “« Back”. Occasionally, instead of an ordinary painting, a rare bonus “uncle's favourite” painting turns up — it doesn't count towards the set of 40, but pays an extra cash reward.","Manche der angebotenen Gemälde sind Fälschungen — eine ersteigerte Fälschung landet trotz Bezahlung NICHT in deiner Sammlung. Höhere Expertise aus der Kunstschule gibt dir die Chance auf eine frühzeitige, persönliche Warnung „⚠ mögliche Fälschung!“ in deinem eigenen Rahmen, bevor du bietest — das ist der einzige Effekt der Expertise, sie ändert nie den geschätzten Wert. Nach der Entscheidung einer Runde erscheint die Schaltfläche „Galerie »“ (falls du wirklich ein Gemälde für deine Sammlung gewonnen hast) sowie „« Zurück“. Gelegentlich taucht statt eines gewöhnlichen Gemäldes ein seltenes Bonusgemälde auf, ein „Liebling des Onkels“ — es zählt nicht zu den 40 Gemälden, bringt aber eine zusätzliche Geldprämie."
"Dostępna wyłącznie w Paryżu (Hub nie pokaże tej opcji nigdzie indziej). Przycisk „Kurs (2000 M, 28 dni)” w prawym dolnym rogu pobiera opłatę z góry i od razu przesuwa kalendarz o 28 dni — blokuje się (staje się nieaktywny), gdy Twoja eksperckość osiągnie maksimum 90%, żeby nie płacić za kurs, który już nic nie da.","Only available in Paris (the Hub won't show this option anywhere else). The “Course (2000 M, 28 days)” button in the bottom-right corner charges the fee upfront and immediately advances the calendar by 28 days — it becomes disabled once your expertise reaches the 90% maximum, so you don't pay for a course that would no longer give anything.","Nur in Paris verfügbar (die Zentrale zeigt diese Option nirgendwo sonst an). Die Schaltfläche „Kurs (2000 M, 28 Tage)“ unten rechts zieht die Gebühr im Voraus ab und lässt den Kalender sofort um 28 Tage voranschreiten — sie wird deaktiviert, sobald deine Expertise das Maximum von 90% erreicht, damit du nicht für einen Kurs bezahlst, der nichts mehr bringt."
"Po opłaceniu kursu ekran pokazuje mini-grę: dwa niemal identyczne obrazy obok siebie — jeden prawdziwy, drugi jego podróbka. Trzeba wskazać fałszywkę przyciskiem „Ta jest podróbką” pod właściwym obrazem. Trafiona odpowiedź daje +15% eksperckości, nietrafiona tylko +5% — więc nawet pomyłka trochę pomaga, ale dużo mniej niż trafne rozpoznanie.","Once the course is paid, the screen shows a mini-game: two nearly identical paintings side by side — one genuine, the other its fake. You have to point out the fake with the “This is the fake” button below it. A correct guess gives +15% expertise, a wrong one only +5% — so even a mistake helps a little, just much less than a correct call.","Nach der Bezahlung des Kurses zeigt der Bildschirm ein Minispiel: zwei fast identische Gemälde nebeneinander — eines echt, das andere seine Fälschung. Mit der Schaltfläche „Das ist die Fälschung“ darunter muss die Fälschung benannt werden. Eine richtige Antwort bringt +15% Expertise, eine falsche nur +5% — selbst ein Fehler hilft also ein wenig, nur viel weniger als eine richtige Erkennung."
"Eksperckość pokazana jest jako układanka pod obrazem centralnym — im wyższa wartość procentowa, tym bardziej „poukładana” wygląda (czysto kosmetyczny wskaźnik postępu). Wpływa WYŁĄCZNIE na szansę wczesnego ostrzeżenia o podróbce w Domu aukcyjnym — nigdy na szacowaną wartość obrazu ani na ceny.","Expertise is shown as a jigsaw puzzle under the central image — the higher the percentage, the more “assembled” it looks (a purely cosmetic progress indicator). It affects ONLY your chance of an early forgery warning at the Auction House — never a painting's estimated value or prices.","Die Expertise wird als Puzzle unter dem zentralen Bild dargestellt — je höher der Prozentwert, desto „zusammengesetzter“ sieht es aus (ein rein kosmetischer Fortschrittsanzeiger). Sie beeinflusst AUSSCHLIESSLICH die Chance auf eine frühzeitige Fälschungswarnung im Auktionshaus — niemals den geschätzten Wert eines Gemäldes oder Preise."
"Ekran główny pokazuje siatkę 8 kategorii stylistycznych z licznikiem X/5 obrazów zebranych w każdej. Kategoria staje się klikalna dopiero, gdy masz w niej choć jeden obraz — puste kategorie są widoczne, ale nieaktywne, żeby od razu było widać, ile jeszcze zostało do zdobycia w każdym stylu.","The main screen shows a grid of 8 style categories with an X/5 counter of paintings collected in each. A category only becomes clickable once you own at least one painting in it — empty categories are visible but inactive, so you can see at a glance how much is left to collect in each style.","Der Hauptbildschirm zeigt ein Raster mit 8 Stilkategorien und einem X/5-Zähler der darin gesammelten Gemälde. Eine Kategorie wird erst anklickbar, wenn du mindestens ein Gemälde darin besitzt — leere Kategorien sind sichtbar, aber inaktiv, sodass auf einen Blick erkennbar ist, wie viel in jedem Stil noch fehlt."
"Dotknięcie odblokowanej kategorii pokazuje miniaturki Twoich obrazów w tym stylu; dotknięcie miniaturki otwiera duży podgląd z pełnym opisem — tytułem, autorem, rokiem powstania i muzeum. Przycisk w prawym dolnym rogu zawsze cofa dokładnie jeden poziom wyżej (z podglądu do miniaturek, z miniaturek do kategorii, z kategorii do Huba) — nigdy nie przeskakuje od razu do Huba z głębszego poziomu.","Tapping an unlocked category shows thumbnails of your paintings in that style; tapping a thumbnail opens a large preview with a full description — title, artist, year, and museum. The button in the bottom-right corner always goes back exactly one level (from preview to thumbnails, from thumbnails to categories, from categories to the Hub) — it never jumps straight to the Hub from a deeper level.","Das Antippen einer freigeschalteten Kategorie zeigt Miniaturansichten deiner Gemälde in diesem Stil; das Antippen einer Miniaturansicht öffnet eine große Vorschau mit vollständiger Beschreibung — Titel, Künstler, Entstehungsjahr und Museum. Die Schaltfläche unten rechts geht immer genau eine Ebene zurück (von der Vorschau zu den Miniaturansichten, von dort zu den Kategorien, von den Kategorien zur Zentrale) — sie springt nie direkt von einer tieferen Ebene zur Zentrale."
"Im pełniejsza Twoja kolekcja (0 do 40 obrazów), tym jaśniejsza i bardziej „żywa” staje się cała sala galerii oraz głośniejsza podkładająca ją muzyka — czysto kosmetyczny, ale satysfakcjonujący sygnał postępu w stronę zwycięstwa.","The fuller your collection (0 to 40 paintings), the brighter and more “alive” the whole gallery hall becomes, and the louder its background music — a purely cosmetic, but satisfying signal of progress towards victory.","Je voller deine Sammlung (0 bis 40 Gemälde), desto heller und „lebendiger“ wird der gesamte Galeriesaal und desto lauter seine Hintergrundmusik — ein rein kosmetisches, aber befriedigendes Zeichen des Fortschritts auf dem Weg zum Sieg."
"Górna część ekranu pokazuje Twój aktualny status ochrony: bez ochroniarza masz ok. 5% szans na tydzień, że ktoś ukradnie Ci obraz z kolekcji. „Zatrudnij ochroniarza (5000 M)” to jednorazowa opłata, która całkowicie eliminuje to ryzyko na resztę gry — przycisk blokuje się, gdy już go masz.",The top of the screen shows your current protection status: without a bodyguard you have about a 5% chance per week that someone steals a painting from your collection. “Hire bodyguard (5000 M)” is a one-time fee that completely eliminates this risk for the rest of the game — the button becomes disabled once you already have one.,"Der obere Teil des Bildschirms zeigt deinen aktuellen Schutzstatus: ohne Leibwächter liegt die Chance bei etwa 5% pro Woche, dass dir jemand ein Gemälde aus der Sammlung stiehlt. „Leibwächter anheuern (5000 M)“ ist eine einmalige Gebühr, die dieses Risiko für den Rest der Partie vollständig beseitigt — die Schaltfläche wird deaktiviert, sobald du bereits einen hast."
"Sekcja „Gangsterzy” pokazuje trzech najemników do wyboru — Vito „Brzytwa”, Rosa Cień i Karl Żelazna Ręka — każdy z inną szansą powodzenia napadu, widoczną przy portrecie i zmieniającą się codziennie (tak jak kursy koni). Wybierz gangstera i rywala AI z dwóch rozwijanych list na dole, potem „Wyślij gangstera (3000 M)” — animacja skoku pokaże wynik próby.","The “Gangsters” section shows three hired hands to choose from — Vito “The Razor”, Rosa Shadow and Karl Iron Hand — each with a different success chance for a heist, shown next to their portrait and changing daily (just like the horses' odds). Pick a gangster and an AI rival from the two dropdown lists at the bottom, then “Send gangster (3000 M)” — a heist animation shows the outcome.","Der Abschnitt „Gangster“ zeigt drei zur Auswahl stehende Handlanger — Vito „Die Rasierklinge“, Rosa Schatten und Karl Eisenhand — jeder mit einer anderen Erfolgschance für einen Einbruch, angezeigt neben dem Porträt und täglich wechselnd (wie die Pferdequoten). Wähle einen Gangster und einen KI-Rivalen aus den beiden Auswahllisten unten, dann „Gangster losschicken (3000 M)“ — eine Einbruchs-Animation zeigt das Ergebnis."
"Sukces oznacza kradzież jednego obrazu wybranemu rywalowi (liczba obrazów każdego rywala widoczna w sekcji „Rywale” powyżej). Nieudana próba ma ok. 50% szans zakończyć się złapaniem Twojego gangstera — wtedy płacisz dodatkową grzywnę 2000 M; w pozostałych przypadkach tracisz tylko opłatę za wysłanie, bez dalszych konsekwencji.","Success means stealing one painting from the chosen rival (each rival's painting count is shown in the “Rivals” section above). A failed attempt has roughly a 50% chance of ending with your gangster getting caught — you then pay an extra 2000 M fine; otherwise you just lose the fee you paid to send them, with no further consequences.","Erfolg bedeutet, dem gewählten Rivalen ein Gemälde zu stehlen (die Anzahl der Gemälde jedes Rivalen wird im Abschnitt „Rivalen“ oben angezeigt). Ein gescheiterter Versuch endet mit etwa 50% Wahrscheinlichkeit damit, dass dein Gangster gefasst wird — dann zahlst du eine zusätzliche Geldstrafe von 2000 M; ansonsten verlierst du nur die Gebühr fürs Losschicken, ohne weitere Folgen."
"Sześć koni ma własne portrety i kursy (np. ×2,0 do ×16,0 w typowym układzie, w praktyce od 1,3 do 20,0) — kursy zmieniają się codziennie, dryfując losowo, tak jak ceny na Giełdzie. Im wyższy kurs przy koniu, tym większa potencjalna wygrana, ale mniejsza szansa, że akurat on wygra wyścig.","Six horses have their own portraits and odds (e.g. ×2.0 to ×16.0 in a typical spread, in practice from 1.3 to 20.0) — the odds change daily, drifting randomly just like Stock Market prices. The higher a horse's odds, the bigger the potential payout, but the lower the chance that it actually wins the race.","Sechs Pferde haben eigene Porträts und Quoten (z.B. ×2,0 bis ×16,0 in einer typischen Verteilung, in der Praxis von 1,3 bis 20,0) — die Quoten ändern sich täglich und schwanken zufällig, genau wie die Börsenkurse. Je höher die Quote eines Pferdes, desto größer der mögliche Gewinn, aber desto geringer die Chance, dass es das Rennen tatsächlich gewinnt."
"Wybierz konia z rozwijanej listy, ustaw kwotę zakładu (od 100 do 50 000 M, krokiem po 100) i naciśnij „Postaw zakład” — rusza ok. 30-sekundowa animacja wyścigu z przewijanym torem. Wygrana wypłaca zakład pomnożony przez kurs wybranego konia; przegrana zabiera cały zakład bez zwrotu. Po każdym postawionym zakładzie obowiązuje 7-dniowy okres odnowienia (widoczny jako odliczanie pod przyciskiem), zanim będzie można postawić kolejny.","Pick a horse from the dropdown list, set your bet amount (from 100 to 50,000 M, in steps of 100) and press “Place bet” — a roughly 30-second race animation with a scrolling track begins. A win pays out the bet multiplied by the chosen horse's odds; a loss takes the whole bet with no refund. Every bet placed is followed by a 7-day cooldown (shown as a countdown under the button) before you can place another.","Wähle ein Pferd aus der Auswahlliste, lege den Wetteinsatz fest (von 100 bis 50.000 M, in Schritten von 100) und drücke „Wette platzieren“ — eine rund 30-sekündige Rennanimation mit scrollender Strecke beginnt. Ein Sieg zahlt den Einsatz multipliziert mit der Quote des gewählten Pferdes aus; eine Niederlage nimmt den gesamten Einsatz ohne Rückerstattung. Nach jeder platzierten Wette gilt eine 7-tägige Sperrfrist (als Countdown unter der Schaltfläche angezeigt), bevor die nächste möglich ist."
Poziom trudności:,Difficulty:,Schwierigkeitsgrad:
Bardzo łatwy,Very easy,Sehr leicht
Łatwy,Easy,Leicht
Normalny,Normal,Normal
Trudny,Hard,Schwer
Bardzo trudny,Very hard,Sehr schwer
"Wygrywasz, gdy zdobędziesz wszystkie obrazy z głównego katalogu — 40 na trzech trudniejszych poziomach, 15 na dwóch najłatwiejszych. Przegrywasz, jeśli przez 60 kolejnych dni gry masz ujemną gotówkę (bankructwo) albo jeśli rywal skompletuje kolekcję pierwszy. W grze wieloosobowej (hot-seat, do 4 graczy) wygrywa ten gracz, który jako pierwszy skompletuje kolekcję.","You win by collecting every painting in the main catalogue — 40 on the three harder difficulty levels, 15 on the two easiest. You lose if your cash stays negative for 60 consecutive game days (bankruptcy), or if a rival completes the collection first. In multiplayer (hot-seat, up to 4 players), whoever completes the collection first wins.","Du gewinnst, wenn du alle Gemälde des Hauptkatalogs besitzt — 40 auf den drei schwereren Schwierigkeitsgraden, 15 auf den beiden leichtesten. Du verlierst, wenn dein Kontostand 60 Spieltage in Folge negativ bleibt (Bankrott) oder ein Rivale die Sammlung zuerst vervollständigt. Im Mehrspielermodus (Hotseat, bis zu 4 Spieler) gewinnt, wer die Sammlung als Erstes vervollständigt."
"Poziom trudności (wybierany raz, przy zakładaniu nowej gry, wspólny dla wszystkich graczy) to więcej niż sam próg zwycięstwa — steruje też, jak często zdarzają się negatywne losowe zdarzenia (susza, zamieszki, kradzieże, krachy giełdowe, reforma walutowa) i jak dotkliwe są ich skutki, a także ile plonu dają plantacje: od Bardzo łatwego (zero takiego ryzyka, poczwórny plon) po Bardzo trudny (pełne ryzyko, ale wciąż półtora raza więcej plonu niż dawniej).","The difficulty level (chosen once, when starting a new game, shared by all players) is more than just the win threshold — it also controls how often negative random events happen (drought, unrest, theft, stock crashes, currency reform) and how severe their effects are, as well as how much plantations yield: from Very Easy (zero of that risk, quadruple yield) to Very Hard (full risk, but still one and a half times more yield than before).","Der Schwierigkeitsgrad (einmal beim Start einer neuen Partie gewählt, für alle Spieler gemeinsam) ist mehr als nur die Siegschwelle — er steuert auch, wie oft negative Zufallsereignisse auftreten (Dürre, Unruhen, Diebstahl, Börsencrashs, Währungsreform) und wie schwerwiegend ihre Folgen sind, sowie wie viel die Plantagen abwerfen: von Sehr leicht (kein solches Risiko, vierfacher Ertrag) bis Sehr schwer (volles Risiko, aber immer noch anderthalbmal mehr Ertrag als früher)."
